pincode,officename,officeType,Deliverystatus,divisionname,regionname,circlename,Taluk,Districtname,statename
370165,Anandpar B.O,B.O,Delivery,Kutch,Rajkot,Gujarat,Rahpar,Kachchh,GUJARAT
370165,Badargadh B.O,B.O,Delivery,Kutch,Rajkot,Gujarat,Rahpar,Kachchh,GUJARAT
370165,Balasar B.O,B.O,Delivery,Kutch,Rajkot,Gujarat,Rahpar,Kachchh,GUJARAT
370165,Bela B.O,B.O,Delivery,Kutch,Rajkot,Gujarat,Rahpar,Kachchh,GUJARAT
370165,Dabhunda B.O,B.O,Delivery,Kutch,Rajkot,Gujarat,Rahpar,Kachchh,GUJARAT
370165,Davri B.O,B.O,Delivery,Kutch,Rajkot,Gujarat,Rahpar,Kachchh,GUJARAT
370165,Deshalpar (V) B.O,B.O,Delivery,Kutch,Rajkot,Gujarat,Rapar,Kachchh,GUJARAT
370165,Dholavira B.O,B.O,Delivery,Kutch,Rajkot,Gujarat,Bhachau,Kachchh,GUJARAT
370165,Gadhda (Khadir) B.O,B.O,Delivery,Kutch,Rajkot,Gujarat,Bhachau,Kachchh,GUJARAT
370165,Ganeshpar B.O,B.O,Delivery,Kutch,Rajkot,Gujarat,Bhachau,Kachchh,GUJARAT
370165,Gedi B.O,B.O,Delivery,Kutch,Rajkot,Gujarat,Rahpar,Kachchh,GUJARAT
370165,Janan B.O,B.O,Delivery,Kutch,Rajkot,Gujarat,Bhachau,Kachchh,GUJARAT
370165,Jatavada B.O,B.O,Delivery,Kutch,Rajkot,Gujarat,Rahpar,Kachchh,GUJARAT
370165,Jesda B.O,B.O,Delivery,Kutch,Rajkot,Gujarat,Rahpar,Kachchh,GUJARAT
370165,Kalyanpar B.O,B.O,Delivery,Kutch,Rajkot,Gujarat,Rahpar,Kachchh,GUJARAT
370165,Kalyanpar Gadhda B.O,B.O,Delivery,Kutch,Rajkot,Gujarat,Bhachau,Kachchh,GUJARAT
370165,Khengarpar B.O,B.O,Delivery,Kutch,Rajkot,Gujarat,Rahpar,Kachchh,GUJARAT
370165,Kherai B.O,B.O,Delivery,Kutch,Rajkot,Gujarat,Rahpar,Kachchh,GUJARAT
370165,Lodrani B.O,B.O,Delivery,Kutch,Rajkot,Gujarat,Rahpar,Kachchh,GUJARAT
370165,Mauvana B.O,B.O,Delivery,Kutch,Rajkot,Gujarat,Rahpar,Kachchh,GUJARAT
370165,Nandasar B.O,B.O,Delivery,Kutch,Rajkot,Gujarat,Rahpar,Kachchh,GUJARAT
370165,Nilpar B.O,B.O,Delivery,Kutch,Rajkot,Gujarat,Rahpar,Kachchh,GUJARAT
370165,Rahpar S.O,S.O,Delivery,Kutch,Rajkot,Gujarat,Rahpar,Kachchh,GUJARAT
370165,Ramvav B.O,B.O,Delivery,Kutch,Rajkot,Gujarat,Rahpar,Kachchh,GUJARAT
370165,Rav B.O,B.O,Delivery,Kutch,Rajkot,Gujarat,Rapar,Kachchh,GUJARAT
370165,Sai B.O,B.O,Delivery,Kutch,Rajkot,Gujarat,Rahpar,Kachchh,GUJARAT
370165,Selari B.O,B.O,Delivery,Kutch,Rajkot,Gujarat,Rahpar,Kachchh,GUJARAT
370165,Suvai B.O,B.O,Delivery,Kutch,Rajkot,Gujarat,Rahpar,Kachchh,GUJARAT
370165,Tindalva B.O,B.O,Delivery,Kutch,Rajkot,Gujarat,Rahpar,Kachchh,GUJARAT
370165,Trambau B.O,B.O,Delivery,Kutch,Rajkot,Gujarat,Rahpar,Kachchh,GUJARAT
370165,Umrapar B.O,B.O,Delivery,Kutch,Rajkot,Gujarat,Rapar,Kachchh,GUJARAT
370165,Vanoi B.O,B.O,Delivery,Kutch,Rajkot,Gujarat,Rahpar,Kachchh,GUJARAT
370165,Vijayapar B.O,B.O,Delivery,Kutch,Rajkot,Gujarat,Rahpar,Kachchh,GUJARAT
